"","Country","Year","GDP"
"114","Australia",2014,62214.6912
"1172","Iceland",2014,52473.11356
"1316","Japan",2014,3896.21151
"2507","Sweden",2014,5918.19898
"2523","Switzerland",2014,85814.58857
