"","continent","Average life expectancy"
"1","Africa",58.7902019340159
"2","Asia",71.1779416558018
"3","Europe",77.6504664179105
"4","North America",73.7556439393939
"5","Oceania",71.5493055555556
"6","South America",72.971875
